,KL,silhouetteoss
0,0.006888093566894531,0.12337691336870193
1,0.008725469970703125,0.051254015415906906
2,0.011298720550537109,0.05505223572254181
3,0.017405435180664064,0.0015237097395583987
4,0.030101388549804688,0.06850066035985947
5,0.053231414794921876,0.04442787542939186
6,0.09502469482421876,0.1936730593442917
7,0.1649234130859375,0.17017772793769836
8,0.2790894775390625,0.211648628115654
9,0.46790087890625,0.28156620264053345
10,0.800003515625,0.43713605403900146
11,1.21241669921875,0.5174725651741028
12,1.90459453125,0.5729310512542725
13,2.593524609375,0.5551560521125793
14,3.29100234375,0.5785544514656067
15,3.943730859375,0.5370001196861267
16,4.3388765625,0.6439995169639587
17,4.95182265625,0.681242823600769
18,5.439222265625,0.7812167406082153
19,5.696112890625,0.6556859612464905
20,5.8027390625,0.5908554196357727
21,6.25724921875,0.5860532522201538
22,6.1369921875,0.683052122592926
23,6.34456171875,0.6156681776046753
24,6.3362046875,0.5519838333129883
25,6.35461640625,0.657988429069519
26,6.15841015625,0.648441731929779
27,5.996961328125,0.6547812223434448
28,5.7314453125,0.7078173160552979
29,5.50452265625,0.5985794067382812
30,5.217524609375,0.747931182384491
31,5.0131828125,0.6718506217002869
32,4.967357421875,0.6716949939727783
33,4.7296859375,0.654923677444458
34,4.448477734375,0.6275554299354553
35,4.40700859375,0.6889858245849609
36,4.15063359375,0.6228892207145691
37,4.19255234375,0.7054750323295593
38,3.97702265625,0.6434496641159058
39,3.779112890625,0.6665041446685791
40,3.648953125,0.7164294719696045
41,3.5110484375,0.618013322353363
42,3.399219140625,0.6943744421005249
43,3.28329140625,0.7198724150657654
44,3.127169921875,0.590048611164093
45,2.98581484375,0.6253808736801147
46,2.9113771484375,0.7063989043235779
47,2.843425,0.6879835724830627
48,2.692429296875,0.5442571043968201
49,2.689504296875,0.6314903497695923
50,2.593843359375,0.6385600566864014
51,2.542540234375,0.6617294549942017
52,2.4722958984375,0.5612808465957642
53,2.3942591796875,0.652125895023346
54,2.409362890625,0.632071316242218
55,2.37526328125,0.6892808079719543
56,2.279794921875,0.5996516942977905
57,2.1922072265625,0.5766983032226562
58,2.212805078125,0.6453145146369934
59,2.175388671875,0.6667579412460327
60,2.08624375,0.6316532492637634
61,2.029355859375,0.6213108897209167
62,2.0192873046875,0.6919887065887451
63,2.047339453125,0.695585310459137
64,1.9830537109375,0.5517377853393555
65,1.9955615234375,0.6867148876190186
66,1.927869921875,0.6451144814491272
67,1.849259765625,0.6488621830940247
68,1.805459375,0.6948495507240295
69,1.818661328125,0.5774774551391602
70,1.7553748046875,0.5635568499565125
71,1.7469486328125,0.6525812745094299
72,1.811710546875,0.5991635918617249
73,1.748943359375,0.5803015828132629
74,1.751656640625,0.52056884765625
75,1.70721953125,0.562203586101532
76,1.683857421875,0.5753383636474609
77,1.640885546875,0.5700956583023071
78,1.7701173828125,0.5054661631584167
79,1.845015234375,0.4735091030597687
80,1.843371484375,0.5583727359771729
81,1.7798708984375,0.35890719294548035
82,1.776556640625,0.3461349606513977
83,1.95075,0.41413986682891846
84,1.939247265625,0.49549922347068787
85,1.946904296875,0.49060526490211487
86,2.0325373046875,0.3764675259590149
87,2.06344296875,0.6143391132354736
88,2.01354375,0.39853858947753906
89,2.0583248046875,0.6394802927970886
90,2.074426953125,0.5515504479408264
91,2.2302171875,0.4216083288192749
92,2.12894140625,0.535601794719696
93,2.32981796875,0.34735801815986633
94,2.3633455078125,0.5371224880218506
95,2.433576171875,0.4211265742778778
96,2.487303515625,0.3650728166103363
97,2.55747109375,0.41488879919052124
98,2.502237890625,0.5014748573303223
99,2.71400078125,0.37143996357917786
100,2.7264849609375,0.5818876624107361
101,2.813090234375,0.37227150797843933
102,2.80494375,0.40706518292427063
103,2.7697234375,0.43259376287460327
104,2.945567578125,0.5600969195365906
105,3.00936953125,0.5074592232704163
106,2.912971484375,0.49594083428382874
107,2.978455078125,0.44867393374443054
108,2.9760626953125,0.44387394189834595
109,3.1177193359375,0.5183276534080505
110,3.195486328125,0.4689469635486603
111,3.2327755859375,0.483110249042511
112,3.0947685546875,0.5356950759887695
113,3.1570900390625,0.5151284337043762
114,3.231253125,0.5048653483390808
115,3.26071796875,0.513271689414978
116,3.1061388671875,0.6174471378326416
117,3.217148828125,0.5900882482528687
118,3.101044921875,0.4229031503200531
119,3.2649556640625,0.4446222186088562
120,3.27174296875,0.46191734075546265
121,3.2251140625,0.3652385473251343
122,3.3833453125,0.48406869173049927
123,3.21614375,0.40521353483200073
124,3.135878515625,0.43692493438720703
125,3.200503515625,0.49624791741371155
126,3.307862109375,0.5664582848548889
127,3.1895875,0.4816293716430664
128,3.18755546875,0.5458561778068542
129,3.1985234375,0.6269533634185791
130,3.2734609375,0.5026929378509521
131,3.163075390625,0.48273810744285583
132,3.1907296875,0.5011357665061951
133,3.276162890625,0.5840584635734558
134,3.292865625,0.45091086626052856
135,3.10806328125,0.6231606006622314
136,3.1289390625,0.5707799196243286
137,3.210576953125,0.4866396486759186
138,3.16148359375,0.49432066082954407
139,3.0866142578125,0.4609120786190033
140,3.1797953125,0.46437886357307434
141,3.1955015625,0.3254663348197937
142,3.18352890625,0.48945409059524536
143,3.01111640625,0.43943050503730774
144,3.2443921875,0.42802685499191284
145,3.22103203125,0.3931846618652344
146,3.19648359375,0.5319997072219849
147,3.265101953125,0.5664541125297546
148,3.2683646484375,0.38793259859085083
149,3.379845703125,0.4257797598838806
150,3.199521875,0.4880906939506531
151,3.2591265625,0.46776047348976135
152,3.236415625,0.4855596423149109
153,3.361740625,0.4329775869846344
154,3.363658203125,0.4453684389591217
155,3.384015625,0.3548371493816376
156,3.3022640625,0.49557051062583923
157,3.41189609375,0.4086979627609253
158,3.392053125,0.4135667383670807
159,3.45287578125,0.4547009766101837
160,3.46497421875,0.48912233114242554
161,3.39910859375,0.4874444603919983
162,3.3467609375,0.30108603835105896
163,3.3834828125,0.4261087477207184
164,3.466725,0.5273892879486084
165,3.3993953125,0.3906158208847046
166,3.47520859375,0.36592012643814087
167,3.43381328125,0.3683145344257355
168,3.5872546875,0.48266929388046265
169,3.4964734375,0.40045419335365295
170,3.580446875,0.3348291218280792
171,3.558127734375,0.3995742201805115
172,3.5757078125,0.4337334930896759
173,3.64671875,0.43908530473709106
174,3.47316484375,0.41241249442100525
175,3.450771484375,0.4780144691467285
176,3.5515,0.428874135017395
177,3.648404296875,0.41085687279701233
178,3.47096328125,0.408469021320343
179,3.524782421875,0.46908310055732727
180,3.6894359375,0.4270986318588257
181,3.53424375,0.4730397164821625
182,3.4958046875,0.4379720687866211
183,3.52538984375,0.3986305296421051
184,3.44700078125,0.36466091871261597
185,3.56032421875,0.4685308337211609
186,3.525458203125,0.5163332223892212
187,3.553997265625,0.3781374394893646
188,3.556746484375,0.39802059531211853
189,3.53340703125,0.422208696603775
190,3.49015390625,0.3103989362716675
191,3.6043578125,0.45853012800216675
192,3.5026421875,0.3996383249759674
193,3.5347078125,0.40370938181877136
194,3.55221328125,0.4605751931667328
195,3.70021953125,0.34958621859550476
196,3.56947734375,0.45662805438041687
197,3.677553125,0.48634085059165955
198,3.517982421875,0.3252272605895996
199,3.490568359375,0.40945371985435486
200,3.633948828125,0.4434404671192169
201,3.59606640625,0.3556395471096039
202,3.446384765625,0.34377533197402954
203,3.7369703125,0.43146201968193054
204,3.562542578125,0.483214795589447
205,3.702678125,0.3871985077857971
206,3.5797375,0.3620551824569702
207,3.76658046875,0.343045711517334
208,3.530246484375,0.2776253819465637
209,3.54570234375,0.48527175188064575
210,3.4109109375,0.3652764558792114
211,3.55714921875,0.45779067277908325
212,3.55699140625,0.42362740635871887
213,3.38936328125,0.3638303875923157
214,3.741653515625,0.4553534686565399
215,3.50677421875,0.3844574987888336
216,3.59105390625,0.42510682344436646
217,3.77949609375,0.36918920278549194
218,3.641559375,0.3472880721092224
219,3.6795875,0.3827469050884247
220,3.514603125,0.4227740466594696
221,3.56600625,0.2305964082479477
222,3.604294921875,0.34206944704055786
223,3.53246953125,0.46486619114875793
224,3.520377734375,0.3470562696456909
225,3.47425546875,0.4077414274215698
226,3.62482578125,0.36366838216781616
227,3.575098046875,0.35200023651123047
228,3.4615515625,0.29823794960975647
229,3.476330859375,0.37953755259513855
230,3.3972703125,0.3663040101528168
231,3.571758984375,0.34653371572494507
232,3.44519375,0.3243112862110138
233,3.50460625,0.24375812709331512
234,3.7284875,0.32290783524513245
235,3.54775234375,0.35961973667144775
236,3.594641796875,0.3655835688114166
237,3.7727828125,0.39514559507369995
238,3.607558203125,0.42749419808387756
239,3.776928125,0.3909466862678528
240,3.50077421875,0.38135483860969543
241,3.6463265625,0.3994307219982147
242,3.67827890625,0.3790338337421417
243,3.626887109375,0.41798946261405945
244,3.7455953125,0.2500702142715454
245,3.653256640625,0.18475963175296783
246,3.613821484375,0.27504998445510864
247,3.746932421875,0.34856584668159485
248,3.70479453125,0.37093687057495117
249,3.61099375,0.2991475462913513
250,3.655376171875,0.41875073313713074
251,3.4301109375,0.39980143308639526
252,3.49079921875,0.24931113421916962
253,3.4840640625,0.2781468629837036
254,3.7028046875,0.363554984331131
255,3.4554,0.2884220778942108
256,3.68993203125,0.2816789448261261
257,3.5493140625,0.4205147325992584
258,3.70473125,0.33999791741371155
259,3.595087109375,0.35224029421806335
260,3.504453125,0.29767733812332153
261,3.66178203125,0.3522892892360687
262,3.573048046875,0.28040018677711487
263,3.5408328125,0.39576295018196106
264,3.55672265625,0.2614697217941284
265,3.667734375,0.25492778420448303
266,3.514834375,0.32747381925582886
267,3.562212109375,0.3558250069618225
268,3.660425390625,0.3187648057937622
269,3.426440234375,0.29644250869750977
270,3.571534375,0.24186594784259796
271,3.647603125,0.2953958809375763
272,3.7797421875,0.42877262830734253
273,3.692618359375,0.25234293937683105
274,3.705746875,0.31270185112953186
275,3.74812421875,0.37201642990112305
276,3.632487109375,0.35388174653053284
277,3.708828515625,0.33449089527130127
278,3.6367609375,0.3657909035682678
279,3.7220296875,0.3253686726093292
280,3.70094453125,0.36593133211135864
281,3.55957734375,0.41254284977912903
282,3.62598515625,0.414786696434021
283,3.64640703125,0.3748857080936432
284,3.598810546875,0.2029421478509903
285,3.591380859375,0.37575873732566833
286,3.669121484375,0.38543736934661865
287,3.549615625,0.3134661912918091
288,3.5943890625,0.36079323291778564
289,3.62057109375,0.3060247600078583
290,3.5623828125,0.34222152829170227
291,3.574526171875,0.236905038356781
292,3.494659375,0.4994058609008789
293,3.411421875,0.2975248694419861
294,3.58258359375,0.3405676484107971
295,3.71355234375,0.2875826954841614
296,3.57788828125,0.33547669649124146
297,3.53140625,0.23271211981773376
298,3.571555078125,0.1661136895418167
299,3.841575,0.2208370864391327
300,3.5168953125,0.3546780049800873
301,3.8037703125,0.3246208131313324
302,3.7851765625,0.22907684743404388
303,3.58134609375,0.30182451009750366
304,3.709030078125,0.2328326404094696
305,3.86341796875,0.4716781973838806
306,3.648615625,0.340461403131485
307,3.75393515625,0.30736100673675537
308,3.858484765625,0.33368030190467834
309,3.8096171875,0.3142646551132202
310,3.81204453125,0.3323327302932739
311,4.02448671875,0.31287485361099243
312,3.899958984375,0.3292563259601593
313,3.69723125,0.22382424771785736
314,3.780740625,0.2828690707683563
315,3.68886015625,0.4148404896259308
316,3.8229,0.3266180455684662
317,3.774764453125,0.260221928358078
318,3.609244921875,0.3373287618160248
319,3.913476171875,0.36350929737091064
320,3.99976953125,0.26070889830589294
321,3.91203828125,0.34041884541511536
322,4.04595078125,0.22067461907863617
323,3.98365390625,0.25186818838119507
324,3.967076171875,0.2939680218696594
325,4.0149203125,0.22099290788173676
326,4.03011796875,0.26489168405532837
327,3.90147890625,0.37821483612060547
328,3.91360546875,0.3313557505607605
329,3.9292171875,0.223326176404953
330,4.020774609375,0.25728878378868103
331,3.98448125,0.27972251176834106
332,3.97106953125,0.2307279407978058
333,4.13428125,0.22737568616867065
334,3.98061328125,0.3060108721256256
335,3.995571875,0.28581658005714417
336,3.841720703125,0.28932249546051025
337,3.88036171875,0.31874239444732666
338,3.802618359375,0.2150975614786148
339,3.84745234375,0.22339095175266266
340,3.814630078125,0.2826199233531952
341,3.848069140625,0.27882805466651917
342,3.88933359375,0.35374534130096436
343,4.06974765625,0.10190554708242416
344,4.01143125,0.3526696562767029
345,4.07136875,0.22376881539821625
346,3.835234765625,0.21500331163406372
347,3.987781640625,0.19979216158390045
348,4.01152265625,0.2912292182445526
349,3.7352203125,0.23584309220314026
350,4.0784984375,0.22798696160316467
351,3.887726953125,0.31425631046295166
352,3.9288578125,0.23341676592826843
353,4.152331640625,0.3144923150539398
354,4.24522890625,0.29350611567497253
355,3.99707109375,0.21493050456047058
356,4.017171484375,0.23357966542243958
357,3.93624375,0.22607634961605072
358,3.934376953125,0.1943528801202774
359,4.2049171875,0.3089522123336792
360,4.137109375,0.3142310380935669
361,4.157554296875,0.20312288403511047
362,4.20248046875,0.3992833197116852
363,4.1099234375,0.3064051866531372
364,4.349175,0.38178810477256775
365,4.1722484375,0.26987123489379883
366,4.190365625,0.1830340325832367
367,4.32482109375,0.1779455542564392
368,4.275480078125,0.21086297929286957
369,4.33152421875,0.3356444239616394
370,4.05083984375,0.2894258499145508
371,4.34007109375,0.31208208203315735
372,4.208580859375,0.2786646783351898
373,4.07408203125,0.325122207403183
374,4.260634375,0.3534851372241974
375,4.210896875,0.26036393642425537
376,4.11824453125,0.25157541036605835
377,4.1121296875,0.2959076762199402
378,4.317859375,0.2816372215747833
379,4.1095671875,0.24369530379772186
380,4.14645078125,0.21404322981834412
381,4.40049609375,0.21953827142715454
382,4.1910703125,0.3335364758968353
383,4.3658578125,0.2197239249944687
384,4.17937421875,0.35946452617645264
385,4.4152734375,0.29880374670028687
386,4.27394453125,0.2445627599954605
387,4.36380234375,0.19416813552379608
388,4.0242140625,0.13722164928913116
389,4.06553984375,0.34762176871299744
390,3.9515828125,0.25613924860954285
391,4.46702109375,0.2545351982116699
392,4.3632328125,0.3066360652446747
393,4.152013671875,0.3189009726047516
394,4.45939765625,0.219023659825325
395,4.14135625,0.22163152694702148
396,4.158082421875,0.29372328519821167
397,4.318484375,0.29900237917900085
398,4.31614296875,0.2816255986690521
399,4.1663640625,0.17913499474525452
400,4.1766828125,0.2271251529455185
401,4.291658984375,0.27592504024505615
402,4.12955859375,0.2349192500114441
403,4.357287890625,0.27490299940109253
404,4.278955078125,0.3502456247806549
405,4.32239921875,0.2963241636753082
406,4.413182421875,0.3032546639442444
407,4.036603125,0.22262056171894073
408,4.3138109375,0.32647284865379333
409,4.59911484375,0.2174493819475174
410,4.17416328125,0.2858200967311859
411,4.40174921875,0.2452150285243988
412,4.6608578125,0.17479373514652252
413,4.36908046875,0.3094539940357208
414,4.442664453125,0.19481660425662994
415,4.32524921875,0.23492342233657837
416,4.212912890625,0.2788046896457672
417,4.228473046875,0.24652938544750214
418,4.20501796875,0.3341909945011139
419,4.027985546875,0.2053854912519455
420,4.02926015625,0.2696678340435028
421,4.43448671875,0.2687123119831085
422,4.530903125,0.2329697608947754
423,4.392902734375,0.2390197217464447
424,4.255478515625,0.2676668167114258
425,4.40136171875,0.30171680450439453
426,4.376072265625,0.292061984539032
427,4.29009140625,0.2390708029270172
428,4.45245703125,0.31259429454803467
429,4.695007421875,0.20903991162776947
430,4.440903515625,0.32640618085861206
431,4.53155390625,0.3007790744304657
432,4.33606796875,0.3575814962387085
433,4.27371484375,0.37135040760040283
434,4.388204296875,0.3046880066394806
435,4.493771875,0.2636493146419525
436,4.3021609375,0.3762844204902649
437,4.43907734375,0.26404649019241333
438,4.201625,0.29120299220085144
439,4.22660234375,0.28795966506004333
440,4.334115234375,0.2615608870983124
441,4.16632421875,0.24204574525356293
442,4.286071484375,0.19039613008499146
443,4.271440625,0.33960166573524475
444,4.64392578125,0.17312145233154297
445,4.3592,0.2760593295097351
446,4.52917421875,0.33575963973999023
447,4.44668125,0.22658972442150116
448,4.617689453125,0.1997787207365036
449,4.543821875,0.26447537541389465
450,4.55142578125,0.1551668494939804
451,4.39665390625,0.23650245368480682
452,4.40240859375,0.33152785897254944
453,4.5378171875,0.2759126126766205
454,4.64210234375,0.31294766068458557
455,4.649509375,0.22686104476451874
456,4.8336296875,0.23834851384162903
457,4.48015859375,0.2718100845813751
458,4.48169921875,0.24084803462028503
459,4.57925703125,0.37294042110443115
460,4.4361171875,0.2158617079257965
461,4.753346484375,0.39341259002685547
462,4.465909375,0.25385981798171997
463,4.5066265625,0.3310941457748413
464,4.63082265625,0.27817249298095703
465,4.61584609375,0.18317827582359314
466,4.53474765625,0.24808745086193085
467,4.6097375,0.30142784118652344
468,4.66108203125,0.20875957608222961
469,4.761414453125,0.14025527238845825
470,4.31444921875,0.3357703983783722
471,4.5017640625,0.1874745637178421
472,4.63435390625,0.24001841247081757
473,4.54315625,0.2599876821041107
474,4.354528125,0.2544218897819519
475,4.38332109375,0.2371111959218979
476,4.15355859375,0.30264872312545776
477,4.276515625,0.31334957480430603
478,4.473391015625,0.23413600027561188
479,4.506925,0.26649099588394165
480,4.486852734375,0.2928590476512909
481,4.448471875,0.25014856457710266
482,4.62759765625,0.22957094013690948
483,4.58191328125,0.20927098393440247
484,4.5642171875,0.32570043206214905
485,4.65551328125,0.24332104623317719
486,4.609403125,0.3011062443256378
487,4.56562734375,0.3598182499408722
488,4.80010859375,0.2928038537502289
489,4.66661875,0.23292359709739685
490,4.447587109375,0.2590523064136505
491,4.74655546875,0.28680598735809326
492,4.72574609375,0.307452529668808
493,4.66708359375,0.29857662320137024
494,4.416581640625,0.17701050639152527
495,4.766223046875,0.2629862427711487
496,4.495477734375,0.22366963326931
497,4.6271875,0.25804033875465393
498,4.642905078125,0.2680889666080475
499,4.4613609375,0.21135379374027252
500,4.769059765625,0.21374811232089996
501,4.513159375,0.1855657696723938
502,4.5747140625,0.3350106179714203
503,4.6837484375,0.23125390708446503
504,4.590445703125,0.3871690034866333
505,4.531462890625,0.5326650142669678
506,4.80605234375,0.20103564858436584
507,4.43225390625,0.2626015543937683
508,4.622147265625,0.25038695335388184
509,4.61630234375,0.21572056412696838
510,4.639736328125,0.3184392750263214
511,4.30881015625,0.2601792514324188
512,4.665986328125,0.273459792137146
513,4.576469921875,0.29028040170669556
514,4.48788046875,0.19435761868953705
515,4.641487109375,0.3841319978237152
516,4.69847578125,0.21249975264072418
517,4.772263671875,0.26615455746650696
518,4.8147296875,0.2932890057563782
519,4.82538046875,0.29681265354156494
520,4.693739453125,0.2052319049835205
521,4.750202734375,0.24174031615257263
522,4.604384375,0.2020854949951172
523,4.641271875,0.24278077483177185
524,4.731353125,0.19363658130168915
525,4.47869140625,0.1721549928188324
526,4.643389453125,0.2868281304836273
527,4.34578359375,0.2588358521461487
528,4.726716015625,0.20159514248371124
529,4.549340625,0.23812289535999298
530,4.55477421875,0.14491412043571472
531,4.6542390625,0.24931743741035461
532,4.6692796875,0.1726657599210739
533,4.573519921875,0.2472219169139862
534,4.9026359375,0.3703650236129761
535,4.87389375,0.21343177556991577
536,4.5791765625,0.26389575004577637
537,4.6713984375,0.207443967461586
538,4.819515625,0.2953718602657318
539,4.543176953125,0.31174880266189575
540,4.413867578125,0.3240528106689453
541,4.770557421875,0.20858046412467957
542,4.713003515625,0.3884328603744507
543,4.86109140625,0.2306211143732071
544,4.740993359375,0.3458673357963562
545,4.792005859375,0.20252415537834167
546,4.7773328125,0.23918448388576508
547,5.020726171875,0.2349766045808792
548,4.82326796875,0.30786946415901184
549,4.6795328125,0.30551877617836
550,4.9849484375,0.3273473083972931
551,4.85646015625,0.2528928518295288
552,4.9418375,0.29373809695243835
553,4.594843359375,0.2447608858346939
554,4.8993578125,0.2893311381340027
555,4.849556640625,0.2502853572368622
556,4.90347890625,0.19772210717201233
557,4.7208421875,0.13479860126972198
558,4.991943359375,0.20131435990333557
559,4.77106328125,0.17629137635231018
560,4.700398828125,0.17640620470046997
561,4.680321875,0.35086628794670105
562,5.01462734375,0.3057229220867157
563,4.689753515625,0.22748462855815887
564,4.754568359375,0.20955881476402283
565,4.7978,0.25757065415382385
566,4.405316796875,0.33266493678092957
567,4.842953125,0.11109013110399246
568,4.753,0.24649621546268463
569,4.61471875,0.2457825094461441
570,4.79669453125,0.29032084345817566
571,4.76946796875,0.32685986161231995
572,4.51951484375,0.2213151752948761
573,4.801430078125,0.27765437960624695
574,4.65242890625,0.27692297101020813
575,4.774607421875,0.2513692080974579
576,4.94359765625,0.30389878153800964
577,4.965462890625,0.24300481379032135
578,4.71148671875,0.20117045938968658
579,4.542084375,0.19771750271320343
580,4.6648625,0.18522223830223083
581,4.78805234375,0.3528520464897156
582,4.65927109375,0.3124743103981018
583,4.762334765625,0.33169257640838623
584,4.878119140625,0.34870609641075134
585,4.5836796875,0.19901040196418762
586,4.86936875,0.27454623579978943
587,4.79986875,0.3692643344402313
588,4.7621875,0.18721678853034973
589,4.865332421875,0.3270826041698456
590,4.741347265625,0.2680759131908417
591,4.721833203125,0.22852495312690735
592,4.68870234375,0.25363054871559143
593,4.634397265625,0.4276144206523895
594,4.76538125,0.30393046140670776
595,5.06280859375,0.30141422152519226
596,4.8836015625,0.22581294178962708
597,4.710930078125,0.22857168316841125
598,4.628322265625,0.3569943308830261
599,4.63907265625,0.30371224880218506
600,5.13597265625,0.14757150411605835
601,5.19731484375,0.2329552322626114
602,4.6582046875,0.2623511552810669
603,4.91022421875,0.33802539110183716
604,5.038734375,0.14891476929187775
605,4.990255859375,0.27497637271881104
606,4.925578125,0.23892956972122192
607,4.86105546875,0.275432288646698
608,4.99415234375,0.3073456883430481
609,4.9126046875,0.2510168254375458
610,4.8592796875,0.2288895547389984
611,4.892492578125,0.34564030170440674
612,5.142328125,0.17459484934806824
613,5.413057421875,0.2265797257423401
614,4.839629296875,0.23739738762378693
615,4.88567890625,0.23514324426651
616,5.095009375,0.21196289360523224
617,4.99136640625,0.3050004243850708
618,4.781886328125,0.22620148956775665
619,4.8605078125,0.25647851824760437
620,4.65713828125,0.26270657777786255
621,4.75869609375,0.2518540918827057
622,5.049383203125,0.3706539273262024
623,4.88932578125,0.2354097068309784
624,4.525057421875,0.2811634838581085
625,4.598087109375,0.23069602251052856
626,4.771566015625,0.2302572876214981
627,4.8595921875,0.2878921926021576
628,5.05095078125,0.33935967087745667
629,4.969651953125,0.28996607661247253
630,4.8523890625,0.3480468690395355
631,4.8710375,0.27443936467170715
632,4.814562890625,0.2144615352153778
633,4.651154296875,0.22347810864448547
634,4.803928125,0.2399071305990219
635,5.21419453125,0.23721519112586975
636,4.82048125,0.21327362954616547
637,5.01410625,0.26922640204429626
638,4.92721484375,0.35571160912513733
639,4.883043359375,0.25080764293670654
640,5.0041859375,0.16464263200759888
641,4.688251171875,0.3013771176338196
642,4.80015390625,0.20559121668338776
643,4.70644296875,0.3141627907752991
644,4.88482578125,0.2150198072195053
645,4.56969296875,0.23880980908870697
646,4.61476328125,0.22149623930454254
647,4.819613671875,0.2913992702960968
648,4.82972578125,0.23718048632144928
649,4.783933984375,0.1902976632118225
650,4.636249609375,0.10008929669857025
651,4.7796734375,0.2441074699163437
652,5.02985625,0.20050038397312164
653,4.966169921875,0.31444036960601807
654,4.8745109375,0.22003859281539917
655,5.010775390625,0.2846950590610504
656,4.88818203125,0.1730794608592987
657,4.827891015625,0.2828315496444702
658,4.573266796875,0.29450762271881104
659,5.016935546875,0.18930929899215698
660,4.8648671875,0.16246385872364044
661,4.7899140625,0.2609098553657532
662,4.89560546875,0.20561042428016663
663,4.67348984375,0.20570017397403717
664,4.9976375,0.23019440472126007
665,4.88413359375,0.22620609402656555
666,5.0278765625,0.28439125418663025
667,4.8102765625,0.26609063148498535
668,5.0037890625,0.15430013835430145
669,4.671601171875,0.2274250090122223
670,4.73537421875,0.2326347678899765
671,4.90699296875,0.17337852716445923
672,4.89457734375,0.19927644729614258
673,4.98526328125,0.18959006667137146
674,4.8917984375,0.2347179353237152
675,4.7839171875,0.2354327142238617
676,4.582398828125,0.18261735141277313
677,4.721440234375,0.2600086033344269
678,5.068980078125,0.22016200423240662
679,4.959316796875,0.28554433584213257
680,4.87838359375,0.24736419320106506
681,5.0160875,0.29185500741004944
682,5.183901171875,0.2879476249217987
683,5.17958203125,0.2840408682823181
684,5.271919921875,0.15033602714538574
685,5.202794921875,0.1501522809267044
686,5.03187734375,0.2135537564754486
687,4.7676921875,0.1825249344110489
688,4.9353953125,0.2547326982021332
689,5.149871875,0.2524017095565796
690,5.13604296875,0.2524838447570801
691,4.825386328125,0.1902572065591812
692,4.99370625,0.2770015001296997
693,4.9915796875,0.21220098435878754
694,4.916557421875,0.14151354134082794
695,4.76478828125,0.1804535984992981
696,4.89190390625,0.21204297244548798
697,4.70334375,0.25980010628700256
698,4.725157421875,0.19448652863502502
699,5.024273046875,0.20911984145641327
700,4.64160546875,0.21970413625240326
701,4.861378125,0.24612289667129517
702,5.02755,0.27218353748321533
703,4.63997265625,0.2567695081233978
704,4.7652109375,0.2459460347890854
705,4.736430078125,0.21467408537864685
706,4.891540625,0.1827678233385086
707,4.74449609375,0.23330530524253845
708,4.600509375,0.18937602639198303
709,4.85253671875,0.26147201657295227
710,4.7798078125,0.27201053500175476
711,4.981827734375,0.2760007977485657
712,5.04326640625,0.27518853545188904
713,4.70005625,0.2287549078464508
714,4.95896484375,0.26855143904685974
715,4.994084765625,0.20293502509593964
716,5.09151640625,0.2545381784439087
717,5.0391953125,0.3136739134788513
718,5.20683671875,0.29320552945137024
719,4.911501953125,0.27195054292678833
720,4.98924765625,0.1446879506111145
721,5.040921484375,0.19340428709983826
722,5.082098828125,0.2380674183368683
723,5.03069140625,0.22500136494636536
724,4.777546875,0.21807335317134857
725,4.956694140625,0.2716626822948456
726,5.06454765625,0.32039642333984375
727,5.07069375,0.20961837470531464
728,5.122047265625,0.14594824612140656
729,5.11780390625,0.20527668297290802
730,5.1659171875,0.28192397952079773
731,5.097877734375,0.2491658329963684
732,4.94513671875,0.3457772135734558
733,4.9368296875,0.25023823976516724
734,5.1666046875,0.17156927287578583
735,4.99805234375,0.2674519419670105
736,5.171213671875,0.2824096977710724
737,5.08549375,0.27054303884506226
738,5.11029140625,0.2265930473804474
739,4.870703515625,0.27341797947883606
740,5.27064609375,0.22130315005779266
741,5.051328515625,0.22422431409358978
742,4.8897234375,0.2260250449180603
743,4.8471890625,0.19744770228862762
744,5.005305859375,0.20183035731315613
745,4.942308984375,0.23993100225925446
746,4.93787109375,0.1241687759757042
747,4.77191484375,0.25374191999435425
748,4.7524734375,0.2706153094768524
749,4.8832,0.23509542644023895
750,4.97070703125,0.11745448410511017
751,4.88266640625,0.30079391598701477
752,4.860943359375,0.18577459454536438
753,4.839255078125,0.2310003936290741
754,4.87723359375,0.26186349987983704
755,4.985395703125,0.23959310352802277
756,4.932226953125,0.3573007881641388
757,4.75423125,0.24231505393981934
758,4.95340234375,0.3167282044887543
759,4.95726171875,0.2518090605735779
760,5.011732421875,0.25683286786079407
761,4.92710703125,0.25799280405044556
762,5.09519921875,0.20358116924762726
763,4.941021484375,0.3080727159976959
764,5.029523828125,0.17920827865600586
765,5.1755125,0.30744490027427673
766,4.9999390625,0.3169013261795044
767,5.06838125,0.24847576022148132
768,4.985653125,0.15598270297050476
769,4.941090234375,0.2662852704524994
770,5.0645296875,0.18859218060970306
771,4.92110703125,0.3008360266685486
772,4.943688671875,0.295678973197937
773,4.73851796875,0.2560119032859802
774,5.18691796875,0.17899218201637268
775,4.9771265625,0.23034290969371796
776,4.748643359375,0.28187963366508484
777,5.071946875,0.23255223035812378
778,4.9962875,0.27370119094848633
779,5.04491484375,0.2422872632741928
780,4.876161328125,0.22042039036750793
781,4.893324609375,0.31923389434814453
782,5.2871546875,0.30211788415908813
783,4.886408203125,0.23222719132900238
784,4.89910546875,0.1796659380197525
785,5.009729296875,0.2068135291337967
786,5.023242578125,0.21151724457740784
787,4.97265078125,0.18062080442905426
788,4.799134375,0.16937857866287231
789,5.03129921875,0.23705577850341797
790,4.96042109375,0.24897830188274384
791,4.986884765625,0.2344723641872406
792,4.9138921875,0.24260298907756805
793,5.0377,0.19855695962905884
794,4.95315703125,0.2163749784231186
795,4.74643125,0.25672441720962524
796,5.173765234375,0.2604256570339203
797,5.19398984375,0.1805550456047058
798,4.6708890625,0.24016329646110535
799,4.97085078125,0.3334398865699768
800,5.1654421875,0.24221926927566528
801,5.06252421875,0.2491854876279831
802,5.03005,0.22545909881591797
803,5.10197421875,0.16095572710037231
804,5.023960546875,0.2472492903470993
805,5.07677578125,0.23073600232601166
806,5.075091796875,0.23514564335346222
807,4.85388203125,0.1736549288034439
808,4.8357890625,0.3246351182460785
809,5.13438671875,0.19038619101047516
810,5.2417203125,0.24778509140014648
811,4.8088015625,0.22995533049106598
812,4.861312890625,0.29586124420166016
813,5.049040625,0.3142339885234833
814,5.2068765625,0.23738260567188263
815,4.9751609375,0.18761205673217773
816,5.414648046875,0.24713309109210968
817,5.0257078125,0.22393251955509186
818,4.947666796875,0.29123273491859436
819,4.98286875,0.24488382041454315
820,5.1483859375,0.303861528635025
821,5.2108296875,0.47524112462997437
822,5.44288515625,0.17131930589675903
823,5.46331328125,0.2337459921836853
824,4.914176171875,0.2682875692844391
825,5.32825625,0.174409419298172
826,5.1521921875,0.2799292802810669
827,5.319093359375,0.26208603382110596
828,5.0405140625,0.2560771107673645
829,5.10863359375,0.20971332490444183
830,5.1122265625,0.23304206132888794
831,5.1748328125,0.22037597000598907
832,5.30348125,0.23287005722522736
833,5.05090078125,0.158559650182724
834,4.99504140625,0.22254686057567596
835,4.78841640625,0.2869411110877991
836,5.03501875,0.21264688670635223
837,5.04778203125,0.23891496658325195
838,4.9267609375,0.1639084815979004
839,4.925955078125,0.1849738210439682
840,5.126347265625,0.25992485880851746
841,4.857058984375,0.23096881806850433
842,5.13324140625,0.3251301348209381
843,5.02535390625,0.20036181807518005
844,5.166307421875,0.2505412995815277
845,4.9463578125,0.25314587354660034
846,5.02619140625,0.20864678919315338
847,4.9353859375,0.256030797958374
848,4.8633390625,0.3040725290775299
849,4.9662375,0.208525151014328
850,4.9713125,0.2380480170249939
851,5.221602734375,0.2951183617115021
852,5.13611953125,0.19915138185024261
853,5.01683515625,0.16583885252475739
854,5.25420390625,0.21567998826503754
855,5.171565625,0.33210399746894836
856,4.88528828125,0.15064415335655212
857,5.4264109375,0.27691274881362915
858,5.08216015625,0.2038118541240692
859,5.132392578125,0.21318623423576355
860,5.085496875,0.32790011167526245
861,5.192990234375,0.19779221713542938
862,5.049540625,0.19221480190753937
863,5.33584765625,0.2865985333919525
864,4.985594921875,0.27460533380508423
865,4.9244421875,0.2001476138830185
866,5.185836328125,0.25288158655166626
867,4.98104140625,0.18003182113170624
868,5.1790875,0.25451725721359253
869,5.24819609375,0.2397252768278122
870,5.29782890625,0.2843403220176697
871,5.066853515625,0.32814592123031616
872,5.20914921875,0.27628883719444275
873,5.1455546875,0.2716516852378845
874,5.2268453125,0.21269553899765015
875,5.196912890625,0.30161425471305847
876,5.07603515625,0.22569121420383453
877,4.876496484375,0.2322726845741272
878,5.28506640625,0.2998623847961426
879,5.153221484375,0.15609480440616608
880,5.372334765625,0.19247902929782867
881,5.3042875,0.284469336271286
882,5.28931796875,0.184567391872406
883,5.10226484375,0.20600464940071106
884,4.82241796875,0.2867281138896942
885,5.14761640625,0.2403334230184555
886,5.22667421875,0.1526203453540802
887,5.28573671875,0.2375670075416565
888,5.13089609375,0.2517228424549103
889,5.256146484375,0.2293872833251953
890,5.38669375,0.2576833665370941
891,5.3321125,0.2409798949956894
892,5.34424609375,0.2803019881248474
893,5.51869921875,0.17864951491355896
894,5.45584296875,0.22032593190670013
895,5.098840625,0.20815512537956238
896,5.21769375,0.3047786355018616
897,5.4086296875,0.250887930393219
898,5.40840859375,0.2533809542655945
899,4.996908203125,0.2126305252313614
900,5.28404921875,0.16301824152469635
901,4.9886484375,0.2581494450569153
902,5.2367671875,0.19705122709274292
903,5.13561953125,0.22454185783863068
904,5.293751171875,0.1759314239025116
905,4.9809109375,0.1989910900592804
906,5.2696625,0.23792478442192078
907,5.2593921875,0.36573660373687744
908,5.274998046875,0.2818801999092102
909,5.066155859375,0.2190418839454651
910,5.2068875,0.35016313195228577
911,5.187172265625,0.2544911801815033
912,5.05443203125,0.1870381385087967
913,5.490147265625,0.2511396110057831
914,5.463116015625,0.19634075462818146
915,5.433183984375,0.16703757643699646
916,5.479870703125,0.2730180621147156
917,5.461015625,0.27222058176994324
918,5.1228921875,0.2954740524291992
919,5.684975390625,0.21693342924118042
920,5.287059375,0.18704505264759064
921,5.2440171875,0.35400789976119995
922,5.0906015625,0.19987884163856506
923,5.16202109375,0.23034556210041046
924,5.36011953125,0.32251816987991333
925,5.5451515625,0.3494430482387543
926,5.6085890625,0.23118016123771667
927,5.4516703125,0.24364013969898224
928,5.420573046875,0.19868893921375275
929,5.07961953125,0.24726252257823944
930,5.315817578125,0.28454360365867615
931,5.234037890625,0.23703640699386597
932,5.153937109375,0.19536803662776947
933,5.258954296875,0.27744054794311523
934,5.299080078125,0.1692694127559662
935,5.0467078125,0.22592352330684662
936,5.46725546875,0.19947652518749237
937,5.1594390625,0.3301493525505066
938,5.34143515625,0.33090150356292725
939,5.08506875,0.3155355155467987
940,5.15331640625,0.2992858290672302
941,5.201125390625,0.21332615613937378
942,5.08842421875,0.2702726423740387
943,5.3575890625,0.26276305317878723
944,5.229160546875,0.2081363946199417
945,5.37725625,0.3520735502243042
946,5.198156640625,0.29388079047203064
947,5.53867421875,0.20773234963417053
948,5.192080078125,0.2257230132818222
949,4.978142578125,0.2619333565235138
950,5.4957875,0.23280197381973267
951,5.2066421875,0.2614695727825165
952,5.075613671875,0.19881097972393036
953,5.255169921875,0.24601823091506958
954,5.2212734375,0.2347586303949356
955,5.2237234375,0.18536129593849182
956,5.24224296875,0.2821384072303772
957,5.4389609375,0.38488292694091797
958,5.046573828125,0.24719367921352386
959,5.1941140625,0.27313297986984253
960,5.2989765625,0.23856262862682343
961,5.21765546875,0.23133645951747894
962,5.4116375,0.2080303579568863
963,5.377746875,0.24417002499103546
964,5.13460390625,0.1924772560596466
965,5.121516796875,0.1402318924665451
966,5.279212890625,0.26282164454460144
967,5.032005859375,0.24052415788173676
968,5.102952734375,0.26661166548728943
969,5.137262890625,0.2961386442184448
970,5.161807421875,0.20264066755771637
971,5.26016953125,0.17500190436840057
972,5.14704609375,0.22492893040180206
973,5.23147890625,0.18203496932983398
974,5.28830703125,0.2535697817802429
975,5.457829296875,0.20525379478931427
976,5.37549375,0.2521032691001892
977,5.542821875,0.20271746814250946
978,5.08424765625,0.23966175317764282
979,5.049275,0.18238550424575806
980,5.350058203125,0.25466662645339966
981,5.23304296875,0.16211308538913727
982,5.467264453125,0.2537389397621155
983,5.40068046875,0.27057084441185
984,5.289991796875,0.21955552697181702
985,5.34244609375,0.19398626685142517
986,5.55047265625,0.20962746441364288
987,5.325270703125,0.21903792023658752
988,5.35706796875,0.25600364804267883
989,5.39826953125,0.23308493196964264
990,5.8030375,0.28492602705955505
991,5.46550546875,0.32929307222366333
992,5.6976671875,0.2734326422214508
993,5.799436328125,0.207947239279747
994,5.434803125,0.1615918129682541
995,5.675915625,0.17955803871154785
996,5.394962890625,0.3943086862564087
997,5.664019140625,0.35105279088020325
998,5.452812109375,0.23928092420101166
999,5.588652734375,0.2537975311279297
1000,5.38359921875,0.25841134786605835
1001,5.387725,0.16301415860652924
1002,5.1863484375,0.18200980126857758
1003,5.4673921875,0.2936466932296753
1004,5.1439625,0.2986736595630646
1005,5.4125765625,0.18498928844928741
1006,5.375594140625,0.2537617087364197
1007,5.6187328125,0.2717997431755066
1008,5.37504375,0.20949144661426544
1009,5.247596484375,0.29408445954322815
1010,5.551812890625,0.22007450461387634
1011,5.24557734375,0.2360180914402008
1012,5.5113953125,0.32724592089653015
1013,5.17954921875,0.2209961861371994
1014,5.5761296875,0.21595720946788788
1015,5.55465625,0.2643868625164032
1016,5.3349140625,0.21620438992977142
1017,5.1584890625,0.14870604872703552
1018,5.1261734375,0.22531650960445404
1019,5.4960234375,0.2644326090812683
1020,5.6771125,0.13181276619434357
1021,5.444953125,0.16620610654354095
1022,5.269873046875,0.2465122789144516
1023,5.2517859375,0.21751193702220917
1024,5.45071953125,0.28844210505485535
1025,5.530543359375,0.19957366585731506
1026,5.184382421875,0.17072263360023499
1027,4.927950390625,0.17303217947483063
1028,5.387325,0.18256454169750214
1029,5.39902890625,0.24181587994098663
1030,5.278755859375,0.25130054354667664
1031,5.424296875,0.19570693373680115
1032,5.348450390625,0.3173770606517792
1033,5.4809484375,0.24111804366111755
1034,5.062438671875,0.2460143268108368
1035,5.219478515625,0.1886206716299057
1036,5.427792578125,0.20988702774047852
1037,5.292242578125,0.2365407943725586
1038,5.2001828125,0.14484943449497223
1039,5.5339265625,0.3677690625190735
1040,5.3526046875,0.2554153800010681
1041,5.2731109375,0.28555458784103394
1042,5.4952140625,0.19902372360229492
1043,5.62734140625,0.19645990431308746
1044,5.3089546875,0.27977216243743896
1045,5.041066015625,0.2237427532672882
1046,5.42336171875,0.2480473667383194
1047,5.50075625,0.25173893570899963
1048,5.39939375,0.23141346871852875
1049,5.46662734375,0.21259485185146332
1050,5.523383203125,0.21527361869812012
1051,5.417615625,0.2615134119987488
1052,5.776426171875,0.19566409289836884
1053,5.3785203125,0.16453580558300018
1054,5.4381109375,0.20896397531032562
1055,5.6692953125,0.20335379242897034
1056,5.40261328125,0.19777250289916992
1057,5.50467421875,0.2285757213830948
1058,5.6519375,0.20128606259822845
1059,5.535909375,0.26005446910858154
1060,5.38945859375,0.230599507689476
1061,5.63215078125,0.2668091356754303
1062,5.39875859375,0.19821223616600037
1063,5.551905859375,0.2201608568429947
1064,5.6008921875,0.21688656508922577
1065,5.50742890625,0.26990634202957153
1066,5.405878125,0.26041796803474426
1067,5.48695390625,0.23565885424613953
1068,5.107717578125,0.1813577264547348
1069,5.23699375,0.26455172896385193
1070,5.13110078125,0.16179469227790833
1071,5.52760390625,0.25449079275131226
1072,5.23480625,0.2594035565853119
1073,5.450999609375,0.3011009395122528
1074,5.45817109375,0.18055425584316254
1075,5.58208671875,0.17896109819412231
1076,5.399408984375,0.32399606704711914
1077,5.431471484375,0.22002655267715454
1078,5.44358125,0.2502153813838959
1079,5.50412421875,0.3103010058403015
1080,5.50797265625,0.2322193682193756
1081,5.151346875,0.22058603167533875
1082,5.51890234375,0.24220648407936096
1083,5.29932890625,0.27772030234336853
1084,5.520394140625,0.3091544806957245
1085,5.503175,0.26486802101135254
1086,5.35201796875,0.23829640448093414
1087,5.39643203125,0.2759953737258911
1088,5.48404921875,0.26074615120887756
1089,5.7002703125,0.2709471881389618
1090,5.650940234375,0.22492651641368866
1091,5.78456328125,0.2560250461101532
1092,5.47976015625,0.20097805559635162
1093,5.096313671875,0.2895885407924652
1094,5.25573125,0.3415709435939789
1095,5.350856640625,0.1568032205104828
1096,5.34284453125,0.25704750418663025
1097,5.573752734375,0.28882458806037903
1098,5.58430078125,0.18917062878608704
1099,5.67143671875,0.18714770674705505
1100,5.43830703125,0.20878519117832184
1101,5.5114203125,0.22404739260673523
1102,5.3216515625,0.1745753288269043
1103,5.7340375,0.34714552760124207
1104,5.51559765625,0.24100862443447113
1105,5.70384296875,0.2303907573223114
1106,5.49046640625,0.2808089852333069
1107,5.33268671875,0.28230416774749756
1108,5.70231328125,0.24816013872623444
1109,5.403195703125,0.26311925053596497
1110,5.598130859375,0.2851637005805969
1111,5.70905,0.21099667251110077
1112,5.79439765625,0.18145152926445007
1113,5.836369921875,0.20863871276378632
1114,5.79721640625,0.2964947521686554
1115,5.420786328125,0.23717664182186127
1116,5.783066796875,0.2216210514307022
1117,5.419821875,0.2487756311893463
1118,5.38538671875,0.273542195558548
1119,5.62937734375,0.23234762251377106
1120,5.471007421875,0.29368317127227783
1121,5.250615234375,0.3004857003688812
1122,5.56461796875,0.25855395197868347
1123,5.47750859375,0.2837011218070984
1124,5.465248046875,0.2567170560359955
1125,5.3625859375,0.23490358889102936
1126,5.31169296875,0.19533178210258484
1127,5.8700546875,0.25013670325279236
1128,5.49993984375,0.29754480719566345
1129,5.43595,0.23532691597938538
1130,5.54170546875,0.20118674635887146
1131,5.50683828125,0.2950340509414673
1132,5.438226171875,0.2157159149646759
1133,5.19976875,0.24551399052143097
1134,5.24200390625,0.25402820110321045
1135,5.5583609375,0.28711971640586853
1136,5.54162890625,0.23857714235782623
1137,5.424346484375,0.25574132800102234
1138,5.19788984375,0.24516980350017548
1139,5.375513671875,0.2316337376832962
1140,5.416708984375,0.1644391268491745
1141,5.084640625,0.17444920539855957
1142,5.1539015625,0.2489299774169922
1143,5.390440625,0.2014898806810379
1144,5.28543671875,0.2506940960884094
1145,5.2468015625,0.22650955617427826
1146,5.357276171875,0.18380402028560638
1147,5.140962109375,0.2991216480731964
1148,5.639824609375,0.17902497947216034
1149,5.31922109375,0.1925215870141983
1150,5.277407421875,0.2423655241727829
1151,5.71354921875,0.24155022203922272
1152,5.283690625,0.3015919029712677
1153,5.5110375,0.278700053691864
1154,5.735968359375,0.1875949501991272
1155,5.91484296875,0.26280149817466736
1156,5.777495703125,0.2206832468509674
1157,5.35689140625,0.29865673184394836
1158,5.73201171875,0.22008804976940155
1159,5.29326484375,0.19779394567012787
1160,5.7514140625,0.28061404824256897
1161,5.59376875,0.16567184031009674
1162,5.537282421875,0.2580992877483368
1163,5.502759375,0.21035118401050568
1164,5.41645234375,0.191651850938797
1165,5.484597265625,0.2118597775697708
1166,5.55138125,0.2602211534976959
1167,5.616795703125,0.35746893286705017
1168,5.59695390625,0.32357534766197205
1169,5.4443828125,0.2413291335105896
1170,5.34125,0.23682551085948944
1171,5.680701953125,0.21433790028095245
1172,5.54505390625,0.24381054937839508
1173,5.37277734375,0.25204727053642273
1174,5.2666109375,0.20647010207176208
1175,5.383556640625,0.2352965772151947
1176,5.325428125,0.24785086512565613
1177,5.55310859375,0.18777737021446228
1178,5.5376296875,0.17989479005336761
1179,5.46260859375,0.19569800794124603
1180,5.57594375,0.25850751996040344
1181,5.46953515625,0.16382963955402374
1182,5.654228125,0.22877012193202972
1183,5.56637578125,0.20455804467201233
1184,5.35051171875,0.2787018120288849
1185,5.399848828125,0.2766934335231781
1186,5.654726953125,0.22924073040485382
1187,5.14512421875,0.2687174379825592
1188,5.3928015625,0.2011832445859909
1189,5.19052578125,0.15219677984714508
1190,5.33615859375,0.3097885251045227
1191,5.390137109375,0.26974111795425415
1192,5.42143984375,0.15513435006141663
1193,5.63690625,0.2624766230583191
1194,5.571662890625,0.06827645003795624
1195,5.56787421875,0.2820347845554352
1196,5.529104296875,0.3568885922431946
1197,5.56150390625,0.2268826812505722
1198,5.732518359375,0.22693924605846405
1199,5.173134375,0.18579144775867462
1200,5.48195625,0.2853797674179077
1201,5.139868359375,0.19330629706382751
1202,5.46922109375,0.27076250314712524
1203,5.504510546875,0.23277625441551208
1204,5.262021875,0.21170558035373688
1205,5.28968984375,0.21648620069026947
1206,5.41551328125,0.2375105768442154
1207,5.465306640625,0.1621301770210266
1208,5.3766421875,0.22011087834835052
1209,5.277290625,0.24118199944496155
1210,5.260925,0.21752327680587769
1211,5.66506640625,0.26469579339027405
1212,5.81896953125,0.32016220688819885
1213,5.53923515625,0.26876240968704224
1214,5.59324296875,0.2543729841709137
1215,5.838865625,0.2101590931415558
1216,5.96592265625,0.212105855345726
1217,5.521780859375,0.20542952418327332
1218,5.701749609375,0.21810626983642578
1219,5.8449546875,0.2622247338294983
1220,5.713570703125,0.22155804932117462
1221,5.50763125,0.2048058658838272
1222,5.3488203125,0.26606595516204834
1223,5.639810546875,0.24908046424388885
1224,5.494266796875,0.2655799388885498
1225,5.299569140625,0.21948479115962982
1226,5.579534375,0.22886300086975098
1227,5.5520734375,0.2401529997587204
1228,5.536601953125,0.2160092443227768
1229,5.3959,0.20030947029590607
1230,5.37223984375,0.20348834991455078
1231,5.538378515625,0.2579568922519684
1232,5.5290234375,0.2811926305294037
1233,5.550314453125,0.2556680738925934
1234,5.40906875,0.21992820501327515
1235,5.715736328125,0.33376601338386536
1236,5.42082734375,0.27464956045150757
1237,5.52918203125,0.23746131360530853
1238,5.72059453125,0.2974517047405243
1239,5.704632421875,0.30222028493881226
1240,5.50149140625,0.21010977029800415
1241,5.61550390625,0.3019410967826843
1242,5.66744375,0.19707359373569489
1243,5.5692671875,0.2538895010948181
1244,5.53198203125,0.33384081721305847
1245,5.178666015625,0.21976013481616974
1246,5.63836875,0.32393020391464233
1247,5.641741796875,0.3033769726753235
1248,5.60962109375,0.25592324137687683
1249,5.31661953125,0.2634187936782837
1250,5.60530390625,0.26898622512817383
1251,5.600903125,0.23280605673789978
1252,5.504494140625,0.2081390768289566
1253,5.422294140625,0.30964213609695435
1254,5.592084375,0.2263166904449463
1255,5.544865625,0.24773874878883362
1256,5.7552953125,0.22232376039028168
1257,5.555934765625,0.21165646612644196
1258,5.2284,0.29394763708114624
1259,5.453048046875,0.16599909961223602
1260,5.38706640625,0.236618310213089
1261,5.487538671875,0.24460940062999725
1262,5.62363671875,0.274278461933136
1263,5.723566796875,0.2390289157629013
1264,5.625296875,0.2280895859003067
1265,5.7183625,0.16463272273540497
1266,5.6071640625,0.2535974085330963
1267,5.874161328125,0.2686653733253479
1268,5.365724609375,0.23406200110912323
1269,5.62605546875,0.17607803642749786
1270,5.395112890625,0.28523942828178406
1271,5.617067578125,0.23772720992565155
1272,5.322670703125,0.19942627847194672
1273,5.90737265625,0.24284537136554718
1274,5.4380890625,0.22953005135059357
1275,5.601030078125,0.23219819366931915
1276,5.94680390625,0.2591116726398468
1277,5.768791796875,0.25199005007743835
1278,5.5215078125,0.2318999320268631
1279,5.520903125,0.17069898545742035
1280,5.4869609375,0.20920273661613464
1281,5.701454296875,0.27456003427505493
1282,5.764615234375,0.1449388712644577
1283,5.630745703125,0.12586583197116852
1284,5.62959296875,0.32782214879989624
1285,5.43477421875,0.22976917028427124
1286,5.593757421875,0.18552643060684204
1287,5.60905390625,0.2552698254585266
1288,5.333359765625,0.27824366092681885
1289,5.517304296875,0.244121253490448
1290,5.590855078125,0.3044448792934418
1291,5.743598828125,0.19314518570899963
1292,5.533237890625,0.24911998212337494
1293,5.579234765625,0.168643981218338
1294,5.40160390625,0.20939025282859802
1295,5.50934296875,0.20864778757095337
1296,5.7393,0.22705745697021484
1297,5.51691171875,0.2426815927028656
1298,5.51905234375,0.18970754742622375
1299,5.7241421875,0.31959059834480286
1300,5.44912109375,0.2949705123901367
1301,5.4489625,0.2731214761734009
1302,5.721184765625,0.2761896550655365
1303,5.523176171875,0.22356802225112915
1304,5.932011328125,0.20253697037696838
1305,5.6704453125,0.23380106687545776
1306,5.707859375,0.296701580286026
1307,5.81467734375,0.24556878209114075
1308,5.665783984375,0.31038719415664673
1309,5.7002859375,0.26264944672584534
1310,5.500215625,0.22164106369018555
1311,5.61414921875,0.2079387754201889
1312,5.8561640625,0.2044268250465393
1313,5.81334609375,0.20699851214885712
1314,5.592599609375,0.1875474452972412
1315,5.4634015625,0.22883662581443787
1316,5.425071875,0.24649086594581604
1317,5.4010609375,0.16523122787475586
1318,5.40186171875,0.16466745734214783
1319,5.451172265625,0.2028384655714035
1320,5.38624140625,0.24071018397808075
1321,5.613614453125,0.3008069694042206
1322,5.43190234375,0.17975427210330963
1323,5.37455078125,0.22485971450805664
1324,5.520528125,0.24467574059963226
1325,5.4497078125,0.3060893714427948
1326,5.590469921875,0.1928168088197708
1327,5.114778125,0.24869830906391144
1328,5.557405078125,0.283892422914505
1329,5.665998046875,0.249906986951828
1330,5.82207734375,0.20607887208461761
1331,5.615697265625,0.35803231596946716
1332,5.44022890625,0.18653179705142975
1333,5.4000640625,0.2333577275276184
1334,5.40385390625,0.23886293172836304
1335,5.81944609375,0.23676708340644836
1336,5.5014671875,0.30935361981391907
1337,5.440740625,0.28027454018592834
1338,5.318565234375,0.24886804819107056
1339,5.835880859375,0.21126943826675415
1340,5.5490875,0.20730727910995483
1341,5.31939921875,0.14648954570293427
1342,6.06549140625,0.16751554608345032
1343,5.44827578125,0.24914893507957458
1344,5.67803125,0.2863585352897644
1345,5.4276890625,0.3284893035888672
1346,5.5210625,0.26193156838417053
1347,5.32447421875,0.25419652462005615
1348,5.34085703125,0.13032887876033783
1349,5.66266640625,0.2326737940311432
1350,5.39587109375,0.28640735149383545
1351,5.326970703125,0.18014489114284515
1352,5.4778734375,0.18291275203227997
1353,5.57852890625,0.29802030324935913
1354,5.698616796875,0.215834379196167
1355,5.66690625,0.20637147128582
1356,5.6349859375,0.21146206557750702
1357,5.56095859375,0.27099934220314026
1358,5.82950859375,0.32306966185569763
1359,5.5628375,0.29693830013275146
1360,5.687162890625,0.11753389239311218
1361,5.84872578125,0.2256406843662262
1362,5.491684765625,0.21021226048469543
1363,5.72904609375,0.18797752261161804
1364,5.62729296875,0.22903770208358765
1365,5.404786328125,0.12360133230686188
1366,5.610695703125,0.25155967473983765
1367,5.49320859375,0.24757054448127747
1368,5.774353125,0.26365917921066284
1369,5.591893359375,0.24942165613174438
1370,5.85436015625,0.32440125942230225
1371,5.17733203125,0.23385363817214966
1372,5.8079,0.24078115820884705
1373,5.59239296875,0.1941594034433365
1374,5.71934921875,0.1985333114862442
1375,5.74099609375,0.32647261023521423
1376,5.894039453125,0.268197238445282
1377,5.741608203125,0.277997225522995
1378,5.837088671875,0.23285238444805145
1379,5.63775859375,0.33027133345603943
1380,5.6027515625,0.21161355078220367
1381,5.65110390625,0.20978625118732452
1382,5.6224125,0.2572277784347534
1383,5.521728125,0.19127091765403748
1384,5.5911515625,0.3029400706291199
1385,5.641263671875,0.19270803034305573
1386,6.05404296875,0.22045797109603882
1387,5.92008125,0.14909912645816803
1388,5.65868359375,0.28458932042121887
1389,5.832223046875,0.24179908633232117
1390,5.69703828125,0.14810685813426971
1391,5.45100390625,0.3088747560977936
1392,5.67933359375,0.2256729006767273
1393,5.6404859375,0.2829827070236206
1394,5.3060359375,0.276532918214798
1395,5.5268515625,0.3381884694099426
1396,5.94898359375,0.2428302764892578
1397,5.529021875,0.1939975470304489
1398,5.6105328125,0.22857001423835754
1399,5.6743921875,0.24713590741157532
1400,5.5773515625,0.18887382745742798
1401,5.54344921875,0.15798063576221466
1402,5.67704921875,0.107427679002285
1403,5.70164921875,0.3437292277812958
1404,5.42365703125,0.1777278333902359
1405,5.737996875,0.18568068742752075
1406,5.63098671875,0.16391734778881073
1407,5.675140625,0.24709787964820862
1408,5.580495703125,0.19877399504184723
1409,5.5477859375,0.16220279037952423
1410,5.36793203125,0.3626026511192322
1411,5.42691015625,0.28629380464553833
1412,5.54206484375,0.12943238019943237
1413,5.470012890625,0.2532273232936859
1414,5.75271328125,0.21082939207553864
1415,5.7051,0.26806214451789856
1416,5.876905859375,0.18709932267665863
1417,5.47307109375,0.21205992996692657
1418,5.858221875,0.29432252049446106
1419,5.68740703125,0.2288953810930252
1420,5.324709765625,0.2620701491832733
1421,5.561409375,0.2193526327610016
1422,5.63018125,0.2494787722826004
1423,5.796719140625,0.16214139759540558
1424,5.428948046875,0.20842352509498596
1425,5.65219453125,0.27175551652908325
1426,5.55066015625,0.22508306801319122
1427,5.3145078125,0.2999066710472107
1428,5.638540625,0.20582742989063263
1429,5.88180703125,0.16084052622318268
1430,5.74079765625,0.16906839609146118
1431,5.728476953125,0.29511648416519165
1432,5.66327578125,0.24296458065509796
1433,5.57377734375,0.29324445128440857
1434,5.958003125,0.19206030666828156
1435,5.72799453125,0.20394526422023773
1436,5.533660546875,0.2190825492143631
1437,5.667514453125,0.2428920418024063
1438,5.664368359375,0.2539323568344116
1439,5.65533203125,0.25878405570983887
1440,5.45181796875,0.2413562834262848
1441,5.55952421875,0.21179409325122833
1442,5.53686640625,0.19903771579265594
1443,5.59826953125,0.18444660305976868
1444,5.52167265625,0.18762518465518951
1445,5.51325859375,0.20726363360881805
1446,6.058073828125,0.2727097272872925
1447,5.83534140625,0.3429766893386841
1448,5.981468359375,0.24336160719394684
1449,5.574208203125,0.2713230550289154
1450,5.61496875,0.20154602825641632
1451,5.83381484375,0.142796590924263
1452,6.00267109375,0.28375494480133057
1453,5.860075390625,0.20719335973262787
1454,5.6275140625,0.18229259550571442
1455,5.550584765625,0.20248869061470032
1456,5.778709765625,0.2803361713886261
1457,5.841240625,0.31158971786499023
1458,5.71144921875,0.21529166400432587
1459,5.566028515625,0.32491034269332886
1460,5.92814453125,0.286886990070343
1461,5.68908203125,0.20730352401733398
1462,5.8120296875,0.2770639955997467
1463,5.7983671875,0.2235127091407776
1464,5.69481328125,0.25008079409599304
1465,5.212046875,0.24584832787513733
1466,5.378228125,0.20594865083694458
1467,5.746978125,0.18255294859409332
1468,5.75058984375,0.23715005815029144
1469,5.5323109375,0.21924476325511932
1470,5.23415,0.1935172975063324
1471,6.01229375,0.33921709656715393
1472,5.5710359375,0.22884351015090942
1473,5.43560234375,0.22558018565177917
1474,5.32612109375,0.2156883031129837
1475,5.513994921875,0.2294565886259079
1476,5.63083359375,0.30834800004959106
1477,5.84431328125,0.18956531584262848
1478,5.420913671875,0.3011435270309448
1479,5.4955109375,0.21795204281806946
1480,5.772315625,0.3697717785835266
1481,5.50178828125,0.2183120995759964
1482,5.401734375,0.2126481682062149
1483,5.86231015625,0.23053500056266785
1484,5.52173984375,0.19900736212730408
1485,5.8782578125,0.1927747279405594
1486,5.401878515625,0.19408255815505981
1487,5.59813984375,0.17433468997478485
1488,5.620033203125,0.2860802710056305
1489,5.81698203125,0.288469135761261
1490,5.63356953125,0.26856014132499695
1491,5.955257421875,0.2593514025211334
1492,5.6210453125,0.2042531818151474
1493,5.45250859375,0.2551702558994293
1494,5.687811328125,0.24274842441082
1495,5.6590359375,0.20113037526607513
1496,5.585937890625,0.23811298608779907
1497,5.588135546875,0.2610919177532196
1498,5.23278046875,0.21386483311653137
1499,5.5329546875,0.24259257316589355
1500,5.533228125,0.21256303787231445
1501,5.606291015625,0.25179359316825867
1502,5.2163265625,0.19667872786521912
1503,5.613783984375,0.20584015548229218
1504,5.6091234375,0.2286117821931839
1505,5.6599046875,0.3101872503757477
1506,5.84975,0.19948388636112213
1507,5.4092921875,0.3078608512878418
1508,5.67013671875,0.21985483169555664
1509,5.4333234375,0.266499787569046
1510,5.609092578125,0.22645515203475952
1511,5.740568359375,0.22487042844295502
1512,5.551336328125,0.2979627549648285
1513,5.4238703125,0.15724314749240875
1514,5.60145234375,0.29880666732788086
1515,5.431669140625,0.3491002023220062
1516,5.68391328125,0.24493008852005005
1517,5.710702734375,0.2041482925415039
1518,5.83210859375,0.2626788020133972
1519,5.7998578125,0.2433813512325287
1520,5.844494921875,0.26489365100860596
1521,5.83281796875,0.18859516084194183
1522,5.318461328125,0.13930581510066986
1523,5.981362109375,0.17710551619529724
1524,5.76939296875,0.2140788584947586
1525,5.78343203125,0.2698255479335785
1526,5.451587109375,0.16601316630840302
1527,5.717521875,0.1766868382692337
1528,5.805621875,0.2150917500257492
1529,5.675346875,0.30430588126182556
1530,5.918046875,0.3228224813938141
1531,5.57272578125,0.30821695923805237
1532,5.965778515625,0.2764790654182434
1533,5.639078125,0.21656565368175507
1534,5.820327734375,0.21145020425319672
1535,5.7441828125,0.21664100885391235
1536,5.50136328125,0.2035684436559677
1537,5.66918125,0.24705110490322113
1538,5.672937890625,0.20725075900554657
1539,5.69920546875,0.20182937383651733
1540,5.61203125,0.17214375734329224
1541,6.2310265625,0.18082770705223083
1542,5.435274609375,0.21961921453475952
1543,5.51994375,0.2739151418209076
1544,5.477771875,0.266287624835968
1545,5.670709765625,0.21454134583473206
1546,5.6582109375,0.20751872658729553
1547,5.88078359375,0.21653111279010773
1548,5.61292734375,0.342521607875824
1549,5.40870078125,0.177886500954628
1550,5.5404484375,0.22233425080776215
1551,5.8950515625,0.22433124482631683
1552,5.731671484375,0.24074821174144745
1553,5.66148671875,0.2049122452735901
1554,5.21830234375,0.1815795600414276
1555,5.77377734375,0.19204172492027283
1556,5.468301171875,0.23898211121559143
1557,5.804688671875,0.17485839128494263
1558,5.55373515625,0.2305397093296051
1559,5.56267421875,0.1355936974287033
1560,5.656990625,0.17130114138126373
1561,5.580321484375,0.2056017816066742
1562,5.58793828125,0.17546606063842773
1563,5.94368671875,0.2090725302696228
1564,5.65725859375,0.28066712617874146
1565,5.31390703125,0.13865427672863007
1566,5.60255078125,0.20768870413303375
1567,6.02820625,0.2799378037452698
1568,5.3138671875,0.3248315453529358
1569,5.48883984375,0.21943680942058563
1570,5.73406875,0.3041156232357025
1571,5.95956171875,0.2083350270986557
1572,5.623387109375,0.1535600870847702
1573,5.68476953125,0.27059274911880493
1574,5.758501171875,0.3019615709781647
1575,5.634859375,0.25654157996177673
1576,5.58661484375,0.18248210847377777
1577,5.508278515625,0.256173700094223
1578,5.53240546875,0.18590489029884338
1579,5.082404296875,0.14761002361774445
1580,5.5563703125,0.17663756012916565
1581,5.5616875,0.26590290665626526
1582,5.325053125,0.2554682493209839
1583,5.61724296875,0.2319634109735489
1584,5.37008828125,0.23145054280757904
1585,5.75430234375,0.2536852955818176
1586,5.50153515625,0.1644515097141266
1587,5.453678515625,0.3089129626750946
1588,5.79738671875,0.21129627525806427
1589,5.779142578125,0.21099884808063507
1590,5.55210703125,0.2532680332660675
1591,5.4313375,0.18951110541820526
1592,5.49616328125,0.29147666692733765
1593,5.81335546875,0.2965155839920044
1594,5.37145,0.2666427195072174
1595,5.80606328125,0.2952955961227417
1596,5.4103046875,0.2375291883945465
1597,5.69732578125,0.169812873005867
1598,5.50886875,0.20137228071689606
1599,5.498197265625,0.3320885896682739
1600,5.480652734375,0.2602454721927643
1601,5.351457421875,0.19554226100444794
1602,5.8873046875,0.24430051445960999
1603,5.477246875,0.24168215692043304
1604,5.55950234375,0.19382350146770477
1605,5.791661328125,0.2900058329105377
1606,5.54836875,0.23118123412132263
1607,5.47795,0.1588234007358551
1608,5.74915,0.21137569844722748
1609,5.712448046875,0.19873347878456116
1610,5.574453515625,0.23612645268440247
1611,5.5576984375,0.21837857365608215
1612,5.90063515625,0.22821173071861267
1613,5.63489140625,0.17386962473392487
1614,5.748146875,0.2273162305355072
1615,5.75287265625,0.1421765387058258
1616,5.575775,0.22922676801681519
1617,5.31450234375,0.21271491050720215
1618,5.4380390625,0.11476944386959076
1619,5.611366015625,0.16769303381443024
1620,5.55991953125,0.23175321519374847
1621,5.7102453125,0.24763375520706177
1622,5.479594140625,0.2344515472650528
1623,5.4522625,0.25144317746162415
1624,5.74102265625,0.22832965850830078
1625,5.242425,0.18285322189331055
1626,5.840413671875,0.24062247574329376
1627,5.687902734375,0.24830085039138794
1628,5.65978046875,0.2897683084011078
1629,5.54755625,0.20384430885314941
1630,5.354062109375,0.3027249574661255
1631,5.5438375,0.25109192728996277
1632,5.717383203125,0.25039583444595337
1633,5.67035,0.2294529527425766
1634,5.7331265625,0.2115934044122696
1635,5.34578515625,0.32549145817756653
1636,5.35735390625,0.1801796704530716
1637,5.42678515625,0.1816713958978653
1638,5.785023046875,0.23652417957782745
1639,5.4263984375,0.19127239286899567
1640,5.462784375,0.2511777877807617
1641,5.380427734375,0.2404218465089798
1642,5.72731171875,0.24122199416160583
1643,5.55498515625,0.2377619743347168
1644,5.6745828125,0.21291093528270721
1645,5.7792109375,0.22988101840019226
1646,5.93973359375,0.37178075313568115
1647,5.167871875,0.246303528547287
1648,5.538644921875,0.22691720724105835
1649,5.68022109375,0.3665311634540558
1650,5.38293203125,0.31011316180229187
1651,5.30377421875,0.23505696654319763
1652,5.5766421875,0.27800771594047546
1653,5.784452734375,0.17815104126930237
1654,5.693738671875,0.18584568798542023
1655,5.730159375,0.1970451921224594
1656,6.095853125,0.34072864055633545
1657,5.735903125,0.25417521595954895
1658,5.50388203125,0.2474600225687027
1659,5.52972578125,0.18941369652748108
1660,5.8858875,0.22071616351604462
1661,5.776655078125,0.2320171296596527
1662,5.70896484375,0.3817592263221741
1663,5.7783421875,0.08862853050231934
1664,5.51995390625,0.20878034830093384
1665,5.649765625,0.2637886703014374
1666,5.68838984375,0.20879079401493073
1667,5.88341015625,0.20616194605827332
1668,5.573059375,0.3194481432437897
1669,5.65286171875,0.16187784075737
1670,5.46848125,0.1954350620508194
1671,5.63609921875,0.3074975609779358
1672,5.64199140625,0.243003711104393
1673,5.896509765625,0.22465576231479645
1674,5.5349140625,0.2677537202835083
1675,5.73425,0.1921781599521637
1676,5.81576484375,0.22961993515491486
1677,5.501096875,0.28784453868865967
1678,5.313815234375,0.19365383684635162
1679,5.59169140625,0.3340621888637543
1680,5.6347296875,0.22827060520648956
1681,5.549006640625,0.2418312132358551
1682,5.771266796875,0.28598883748054504
1683,5.686334375,0.24757671356201172
1684,5.59682421875,0.12694445252418518
1685,5.7131578125,0.25275689363479614
1686,5.23178828125,0.2156572788953781
1687,5.763329296875,0.2312956005334854
1688,6.027878515625,0.2828314006328583
1689,6.036553125,0.20228782296180725
1690,5.43042578125,0.1662023663520813
1691,5.52298671875,0.16970832645893097
1692,5.39309296875,0.26487499475479126
1693,5.6767171875,0.23416255414485931
1694,5.716272265625,0.2467314749956131
1695,5.7653171875,0.22986336052417755
1696,5.80265078125,0.21795889735221863
1697,5.59646796875,0.21337628364562988
1698,5.58269765625,0.27015793323516846
1699,5.91359375,0.22654391825199127
1700,5.934075390625,0.22793273627758026
1701,5.749808984375,0.22853799164295197
1702,5.59050859375,0.15937590599060059
1703,5.573251953125,0.1782556176185608
1704,5.7244046875,0.20462943613529205
1705,5.5924296875,0.26090919971466064
1706,5.5862921875,0.23078709840774536
1707,5.466296875,0.23263995349407196
1708,5.84251171875,0.2065916359424591
1709,5.672515625,0.23438109457492828
1710,5.689321875,0.20728495717048645
1711,5.728568359375,0.22637183964252472
1712,5.7539046875,0.219395712018013
1713,5.527055859375,0.2496158927679062
1714,5.697965625,0.19065208733081818
1715,5.45460625,0.13406643271446228
1716,5.886214453125,0.290154367685318
1717,5.968675,0.29257383942604065
1718,5.24203671875,0.22667737305164337
1719,5.66566796875,0.3205576539039612
1720,5.385601171875,0.18316297233104706
1721,5.44148984375,0.22208523750305176
1722,5.93959375,0.2367105633020401
1723,5.52301171875,0.2645106613636017
1724,5.5898078125,0.184437096118927
1725,5.781184375,0.16808633506298065
1726,5.70803984375,0.23376601934432983
1727,5.608966015625,0.16552244126796722
1728,5.533278515625,0.24067696928977966
1729,5.5005921875,0.23840023577213287
1730,5.595695703125,0.2611219882965088
1731,5.96839375,0.2793578803539276
1732,5.9115484375,0.18224932253360748
1733,5.517134375,0.19011573493480682
1734,5.8493625,0.17700150609016418
1735,5.741474609375,0.20589682459831238
1736,5.619704296875,0.23473234474658966
1737,5.703258203125,0.2685849368572235
1738,5.643785546875,0.19484856724739075
1739,5.8700609375,0.2688685953617096
1740,6.0390734375,0.22176147997379303
1741,5.606077734375,0.17935091257095337
1742,5.75869921875,0.2777312695980072
1743,5.81865703125,0.23681475222110748
1744,5.5887921875,0.2775852084159851
1745,5.946803125,0.18827109038829803
1746,5.53043828125,0.22454725205898285
1747,5.64160703125,0.217941552400589
1748,5.42944609375,0.24067062139511108
1749,6.018834375,0.23765778541564941
1750,5.74979140625,0.33320003747940063
1751,5.70966015625,0.2585667371749878
1752,5.606590234375,0.18314625322818756
1753,5.589819921875,0.2299346625804901
1754,5.72918359375,0.28272971510887146
1755,5.7304515625,0.1358748823404312
1756,5.423676953125,0.18961390852928162
1757,5.730897265625,0.2782760262489319
1758,5.50420703125,0.21918398141860962
1759,5.66243046875,0.29513344168663025
1760,5.64164453125,0.2556593120098114
1761,5.8138703125,0.260599821805954
1762,5.61521875,0.2329162061214447
1763,5.5986140625,0.28713300824165344
1764,5.456440234375,0.17552633583545685
1765,5.8986671875,0.16683095693588257
1766,5.529282421875,0.25892025232315063
1767,5.6842453125,0.22579240798950195
1768,5.61625390625,0.2559797167778015
1769,5.63138515625,0.21029400825500488
1770,5.34974609375,0.3423880338668823
1771,5.81934609375,0.21705801784992218
1772,5.40163203125,0.27787673473358154
1773,5.685227734375,0.18287406861782074
1774,5.74144453125,0.24908289313316345
1775,5.53259140625,0.20771798491477966
1776,5.62379296875,0.24920696020126343
1777,5.69326796875,0.24971117079257965
1778,5.839996875,0.30552297830581665
1779,5.55671953125,0.20730476081371307
1780,5.874510546875,0.30434370040893555
1781,5.94248671875,0.16929158568382263
1782,5.519511328125,0.16220617294311523
1783,5.634349609375,0.2139289528131485
1784,5.7170296875,0.22890259325504303
1785,5.540153125,0.24719135463237762
1786,5.34181171875,0.18234007060527802
1787,5.691554296875,0.265994668006897
1788,5.829819921875,0.20816057920455933
1789,5.536771484375,0.28625231981277466
1790,5.658483203125,0.2593913972377777
1791,6.092990625,0.17503704130649567
1792,5.61724140625,0.22472092509269714
1793,5.721072265625,0.21810699999332428
1794,5.68902890625,0.2402511090040207
1795,5.459719921875,0.19216006994247437
1796,5.365821484375,0.38118061423301697
1797,5.767403125,0.22139376401901245
1798,5.804047265625,0.2442803978919983
1799,5.973946484375,0.22150421142578125
